{
  "project_info": {
    "project_number": "169866500536",
    "project_id": "playlist-e87cd",
    "storage_bucket": "playlist-e87cd.appspot.com"
  },
  "client": [
    {
      "client_info": {
        "mobilesdk_app_id": "1:169866500536:android:f45fba268be5dc3884174d",
        "android_client_info": {
          "package_name": "com.example.playlist"
        }
      },
      "oauth_client": [
        {
          "client_id": "169866500536-bg12k1h7peq3jkp90bg0epveeonje55b.apps.googleusercontent.com",
          "client_type": 3
        }
      ],
      "api_key": [
        {
          "current_key": "AIzaSyCvq1nPBuP6VB12gQ_FTyjfIYcllhPOA5A"
        }
      ],
      "services": {
        "appinvite_service": {
          "other_platform_oauth_client": [
            {
              "client_id": "169866500536-bg12k1h7peq3jkp90bg0epveeonje55b.apps.googleusercontent.com",
              "client_type": 3
            }
          ]
        }
      }
    }
  ],
  "configuration_version": "1"
}